[
  {
    "id": 1,
    "priority": 1,
    "action": {
      "type": "modifyHeaders",
      "requestHeaders": [
        {
          "header": "origin",
          "operation": "set",
          "value": "https://www.bilibili.com"
        },
        {
          "header": "referer",
          "operation": "set",
          "value": "https://www.bilibili.com"
        }
      ]
    },
    "condition": {
      "domainType": "thirdParty",
      "urlFilter": "||api.bilibili.com",
      "resourceTypes": ["xmlhttprequest"]
    }
  }
]
