{"options":{"check_for_updates":true,"comment":null,"compat_foreach":false,"compat_metadata":false,"compat_powerful_this":null,"compat_wrappedjsobject":false,"compatopts_for_requires":true,"noframes":null,"override":{"merge_connects":true,"merge_excludes":true,"merge_includes":true,"merge_matches":true,"orig_connects":[],"orig_excludes":[],"orig_includes":["https://*/*","file:///*"],"orig_matches":["*://*/*"],"orig_noframes":null,"orig_run_at":"document-start","use_blockers":[],"use_connects":[],"use_excludes":[],"use_includes":[],"use_matches":[]},"run_at":null,"sandbox":null,"tab_types":null,"unwrap":null},"settings":{"enabled":false,"position":10},"meta":{"name":"AI翻译和搜索","uuid":"36db6848-f499-444e-a1dd-eb9684975344","modified":1665850804357,"file_url":"https://greasyfork.org/scripts/420649-ai%E7%BF%BB%E8%AF%91%E5%92%8C%E6%90%9C%E7%B4%A2/code/AI%E7%BF%BB%E8%AF%91%E5%92%8C%E6%90%9C%E7%B4%A2.user.js"}}