{"options":{"check_for_updates":true,"comment":null,"compat_foreach":false,"compat_metadata":false,"compat_powerful_this":null,"compat_wrappedjsobject":false,"compatopts_for_requires":true,"noframes":null,"override":{"merge_connects":true,"merge_excludes":true,"merge_includes":true,"merge_matches":true,"orig_connects":["cdn.jsdelivr.net"],"orig_excludes":[],"orig_includes":[],"orig_matches":["https://github.com/*","https://gist.github.com/*"],"orig_noframes":true,"orig_run_at":"document-idle","use_blockers":[],"use_connects":[],"use_excludes":[],"use_includes":[],"use_matches":[]},"run_at":null,"sandbox":null,"tab_types":null,"unwrap":null},"settings":{"enabled":true,"position":18},"meta":{"name":"Download github repo sub-folder","uuid":"e90c7cca-34a9-4ee9-b089-f2ede69215cb","modified":1677464688085,"file_url":"https://greasyfork.org/scripts/411834-download-github-repo-sub-folder/code/Download%20github%20repo%20sub-folder.user.js"}}