{"options":{"check_for_updates":true,"comment":null,"compat_foreach":false,"compat_metadata":false,"compat_powerful_this":null,"compat_wrappedjsobject":false,"compatopts_for_requires":true,"noframes":null,"override":{"merge_connects":true,"merge_excludes":true,"merge_includes":true,"merge_matches":true,"orig_connects":["baidu.com","baidupcs.com","bilibili.com","121.5.226.51","127.0.0.1","*"],"orig_excludes":[],"orig_includes":[],"orig_matches":["https://nyaa.si/*","https://pan.baidu.com/*","https://space.bilibili.com/*","https://sukebei.nyaa.si/*","https://v.youku.com/*","https://v.qq.com/*","https://wallhaven.cc/*","https://www.bilibili.com/*","https://www.iqiyi.com/*","https://www.youtube.com/*"],"orig_noframes":null,"orig_run_at":"document-end","use_blockers":[],"use_connects":[],"use_excludes":[],"use_includes":[],"use_matches":[]},"run_at":null,"sandbox":null,"tab_types":null,"unwrap":null},"settings":{"enabled":false,"position":3},"meta":{"name":"HD2A","uuid":"5854d03b-21b3-46c4-9c8f-24fe21987cee","modified":1677500771274,"file_url":"http://121.5.226.51/tampermonkey/hd2a.user.js"}}