{"ts":1677897359783,"data":{"aria2_bilibili_com":"s{\"token\":\"\",\"jsonrpc\":\"http://127.0.0.1:16800/jsonrpc\",\"dir\":\"C:/Users/Administrator/Downloads/bilibili\",\"cdn\":\"upos-sz-mirrorks3.bilivideo.com\",\"coin\":0,\"follow\":0,\"vhd\":0}","latest1_bilibili_com":"s1677510459","ui_bilibili_com":"s{\"mid\":1683359663,\"level\":3,\"vip\":0,\"fti\":\"1671958788\",\"vds\":\"b88cd729d2e4061f626db2fbe49d9a72\",\"cookie\":\"buvid3=5C04E839-5C1F-88BF-9B18-AAF7F0FC9F4272677infoc;b_nut=100;i-wanna-go-back=-1;_uuid=84324D510-C108D-A8D2-2AD2-FD11FF9DE410A80782infoc;buvid4=2E7B58A7-CD5F-7963-37EE-AB55BD13977782560-022121120-EUo8eL+seByiHK/j1VTDiw%3D%3D;nostalgia_conf=-1;fingerprint=b3fff91f2595953e5d4e07d09f582c2b;buvid_fp_plain=undefined;DedeUserID=1683359663;DedeUserID__ckMd5=66cac4d570dc1691;b_ut=5;buvid_fp=b3fff91f2595953e5d4e07d09f582c2b;rpdid=|(u))k||YuYl0J'uY~|)|Y))u;SESSDATA=5bb6d00b%2C1693004545%2C0b172%2A22;bili_jct=a5e783970e29bb54d650372854730960;sid=73x06uif;header_theme_version=CLOSE;home_feed_column=4;balh_server_inner=__custom__;balh_is_closed=;balh_upos_server=cos;balh_=cos;balh_upos_replace_akamai=Y;balh_remove_pre_ad=Y;balh_server_custom=https://cn-bilibili.zzko.cn/;balh_server_custom_hk=https://hk-bilibili.zzko.cn;balh_generate_sub=Y;balh_mode=replace;blackside_state=1;CURRENT_BLACKGAP=0;CURRENT_QUALITY=112;bg_view_44780=736499;bg_view_44723=735845;bg_view_39965=431855;bg_view_33033=317022;bg_view_40794=465214;bg_view_44152=732392;bg_view_25508=247216;b_lsid=E578B7FE_186935A6C0B;innersign=0;CURRENT_FNVAL=16\"}","zone_bilibili_com":"s{\"addr\":\"111.6.85.199\",\"country\":\"中国\",\"province\":\"河南\",\"city\":\"驻马店\",\"isp\":\"移动\",\"latitude\":32.9804,\"longitude\":114.016808,\"zone_id\":4505664,\"country_code\":86}"}}