{"options":{"check_for_updates":true,"comment":null,"compat_foreach":false,"compat_metadata":false,"compat_powerful_this":null,"compat_wrappedjsobject":false,"compatopts_for_requires":true,"noframes":null,"override":{"merge_connects":true,"merge_excludes":true,"merge_includes":true,"merge_matches":true,"orig_connects":["*"],"orig_excludes":[],"orig_includes":["*"],"orig_matches":["*","https://www.bilibili.com/","https://588ku.com/"],"orig_noframes":null,"orig_run_at":"document-end","use_blockers":[],"use_connects":[],"use_excludes":[],"use_includes":[],"use_matches":[]},"run_at":null,"sandbox":null,"tab_types":null,"unwrap":null},"settings":{"enabled":false,"position":17},"meta":{"name":"Image Downloader","uuid":"ea553f81-8bd7-4c6d-a951-4e3e14920e8d","modified":1676706143295,"file_url":"https://greasyfork.org/scripts/419894-image-downloader/code/Image%20Downloader.user.js"}}