{"options":{"check_for_updates":true,"comment":null,"compat_foreach":false,"compat_metadata":false,"compat_powerful_this":null,"compat_wrappedjsobject":false,"compatopts_for_requires":true,"noframes":null,"override":{"merge_connects":true,"merge_excludes":true,"merge_includes":true,"merge_matches":true,"orig_connects":[],"orig_excludes":["https://www.google.*/search*","https://www.google.*/webhp*","https://music.google.com/*","https://mail.google.com/*","https://docs.google.com/*","https://encrypted.google.com/*","https://*101weiqi.com/*","https://w3c*.github.io/*","https://www.paypal.com/*","https://term.ptt.cc/*","https://mastodon.social/*"],"orig_includes":["*"],"orig_matches":[],"orig_noframes":null,"orig_run_at":"document-idle","use_blockers":[],"use_connects":[],"use_excludes":[],"use_includes":[],"use_matches":[]},"run_at":null,"sandbox":null,"tab_types":null,"unwrap":null},"settings":{"enabled":true,"position":25},"meta":{"name":"Linkify Plus Plus","uuid":"2a08c2ff-2abb-4292-a5ee-7eebbe48245b","modified":1678204563113,"file_url":"https://greasyfork.org/scripts/4255-linkify-plus-plus/code/Linkify%20Plus%20Plus.user.js"}}