{"options":{"check_for_updates":true,"comment":null,"compat_foreach":false,"compat_metadata":false,"compat_powerful_this":null,"compat_wrappedjsobject":false,"compatopts_for_requires":true,"noframes":null,"override":{"merge_connects":true,"merge_excludes":true,"merge_includes":true,"merge_matches":true,"orig_connects":[],"orig_excludes":[],"orig_includes":[],"orig_matches":["*://*.douban.com/*","*://*.zhangxinxu.com/*","*://developer.mozilla.org/*","*://*.yuedu.163.com/book_reader/*","*://*.nyaa.si/*","*://*.stackexchange.com/*","*://*.wangwenba.cn/*","*://ireader.com.cn/*","*://*.toutiao.com/*","*://*.51shucheng.net/*","*://xw.qq.com/*","*://*.ishuquge.com/*","*://www.liuweiguo.com/*","*://*.ptt.cc/bbs/*","https://searx.space/","https://ping.chinaz.com/*","https://*.juejin.cn/*","https://*.guancha.cn/*","https://*.oschina.net/*","https://*.jianshu.com/*","https://*.freecodecamp.org/*","https://*.lianjia.com/*","https://*.zhihu.com/*","https://metager.org/*","https://*.hetushu.com/book/*/*.html","https://*.ixigua.com/*","http://*.tinycorelinux.net/*","https://*.gushiwen.cn/guwen/*.aspx"],"orig_noframes":null,"orig_run_at":"document-idle","use_blockers":[],"use_connects":[],"use_excludes":[],"use_includes":[],"use_matches":[]},"run_at":null,"sandbox":null,"tab_types":null,"unwrap":null},"settings":{"enabled":true,"position":21},"meta":{"name":"Toolbox","uuid":"8ed96bb0-1f30-469e-9ea8-ec8d31217c16","modified":1677869741058,"file_url":"https://greasyfork.org/scripts/444824-toolbox/code/Toolbox.user.js"}}