{"options":{"check_for_updates":true,"comment":null,"compat_foreach":false,"compat_metadata":false,"compat_powerful_this":null,"compat_wrappedjsobject":false,"compatopts_for_requires":true,"noframes":null,"override":{"merge_connects":true,"merge_excludes":true,"merge_includes":true,"merge_matches":true,"orig_connects":[],"orig_excludes":[],"orig_includes":[],"orig_matches":["https://twitter.com/*","https://mobile.twitter.com/*"],"orig_noframes":null,"orig_run_at":"document-idle","use_blockers":[],"use_connects":[],"use_excludes":[],"use_includes":[],"use_matches":[]},"run_at":null,"sandbox":null,"tab_types":null,"unwrap":null},"settings":{"enabled":false,"position":13},"meta":{"name":"Twitter Media Downloader","uuid":"61b99f7f-a86f-4fce-9b5d-9af48c4b2ebb","modified":1666888796229,"file_url":"https://greasyfork.org/scripts/423001-twitter-media-downloader/code/Twitter%20Media%20Downloader.user.js"}}