{"options":{"check_for_updates":true,"comment":null,"compat_foreach":false,"compat_metadata":false,"compat_powerful_this":null,"compat_wrappedjsobject":false,"compatopts_for_requires":true,"noframes":null,"override":{"merge_connects":true,"merge_excludes":true,"merge_includes":true,"merge_matches":true,"orig_connects":[],"orig_excludes":[],"orig_includes":["*www.douyu.com/*","*www.huya.com/*"],"orig_matches":[],"orig_noframes":null,"orig_run_at":"document-idle","use_blockers":[],"use_connects":[],"use_excludes":[],"use_includes":[],"use_matches":[]},"run_at":null,"sandbox":null,"tab_types":null,"unwrap":null},"settings":{"enabled":false,"position":1},"meta":{"name":"免登陆看高清斗鱼和虎牙直播","uuid":"1736554b-0974-493d-aea7-2c6ba6612cc7","modified":1664266970460,"file_url":"https://greasyfork.org/scripts/424111-%E5%85%8D%E7%99%BB%E9%99%86%E7%9C%8B%E9%AB%98%E6%B8%85%E6%96%97%E9%B1%BC%E5%92%8C%E8%99%8E%E7%89%99%E7%9B%B4%E6%92%AD/code/%E5%85%8D%E7%99%BB%E9%99%86%E7%9C%8B%E9%AB%98%E6%B8%85%E6%96%97%E9%B1%BC%E5%92%8C%E8%99%8E%E7%89%99%E7%9B%B4%E6%92%AD.user.js"}}