{"options":{"check_for_updates":true,"comment":null,"compat_foreach":false,"compat_metadata":false,"compat_powerful_this":null,"compat_wrappedjsobject":false,"compatopts_for_requires":true,"noframes":null,"override":{"merge_connects":true,"merge_excludes":true,"merge_includes":true,"merge_matches":true,"orig_connects":[],"orig_excludes":[],"orig_includes":[],"orig_matches":["https://m.bilibili.com/*"],"orig_noframes":null,"orig_run_at":"document-start","use_blockers":[],"use_connects":[],"use_excludes":[],"use_includes":[],"use_matches":[]},"run_at":null,"sandbox":null,"tab_types":null,"unwrap":null},"settings":{"enabled":false,"position":16},"meta":{"name":"哔哩哔哩手机直接看","uuid":"7de52c7a-2b7a-4234-8def-932c402608a4","modified":1677376903614,"file_url":"https://greasyfork.org/scripts/454669-%E5%B1%8F%E8%94%BD%E5%93%94%E5%93%A9%E5%93%94%E5%93%A9%E6%89%8B%E6%9C%BA%E7%BD%91%E9%A1%B5%E7%9A%84app%E5%85%83%E7%B4%A0/code/%E5%B1%8F%E8%94%BD%E5%93%94%E5%93%A9%E5%93%94%E5%93%A9%E6%89%8B%E6%9C%BA%E7%BD%91%E9%A1%B5%E7%9A%84APP%E5%85%83%E7%B4%A0.user.js"}}