{"options":{"check_for_updates":true,"comment":null,"compat_foreach":false,"compat_metadata":false,"compat_powerful_this":null,"compat_wrappedjsobject":false,"compatopts_for_requires":true,"noframes":null,"override":{"merge_connects":true,"merge_excludes":true,"merge_includes":true,"merge_matches":true,"orig_connects":[],"orig_excludes":[],"orig_includes":[],"orig_matches":["*://*/*"],"orig_noframes":null,"orig_run_at":"document-end","use_blockers":[],"use_connects":[],"use_excludes":[],"use_includes":[],"use_matches":[]},"run_at":null,"sandbox":null,"tab_types":null,"unwrap":null},"settings":{"enabled":false,"position":24},"meta":{"name":"强制缩放1.5","uuid":"faeb8237-9d2f-4a18-886e-d5358e258020","modified":1677907764721,"file_url":"https://greasyfork.org/scripts/447773-%E5%BC%BA%E5%88%B6%E7%BC%A9%E6%94%BE1-5/code/%E5%BC%BA%E5%88%B6%E7%BC%A9%E6%94%BE15.user.js"}}