{"options":{"check_for_updates":true,"comment":null,"compat_foreach":false,"compat_metadata":false,"compat_powerful_this":null,"compat_wrappedjsobject":false,"compatopts_for_requires":true,"noframes":null,"override":{"merge_connects":true,"merge_excludes":true,"merge_includes":true,"merge_matches":true,"orig_connects":[],"orig_excludes":[],"orig_includes":[],"orig_matches":["*://*/*"],"orig_noframes":null,"orig_run_at":"document-end","use_blockers":[],"use_connects":[],"use_excludes":[],"use_includes":[],"use_matches":[]},"run_at":null,"sandbox":null,"tab_types":null,"unwrap":null},"settings":{"enabled":false,"position":23},"meta":{"name":"强制缩放与桌面模式","uuid":"14510ed4-f2ff-4303-b7d3-e029ad3651e5","modified":1678162622316,"file_url":"https://greasyfork.org/scripts/450368-%E5%BC%BA%E5%88%B6%E7%BC%A9%E6%94%BE%E4%B8%8E%E6%A1%8C%E9%9D%A2%E6%A8%A1%E5%BC%8F/code/%E5%BC%BA%E5%88%B6%E7%BC%A9%E6%94%BE%E4%B8%8E%E6%A1%8C%E9%9D%A2%E6%A8%A1%E5%BC%8F.user.js"}}