{"options":{"check_for_updates":true,"comment":null,"compat_foreach":false,"compat_metadata":false,"compat_powerful_this":null,"compat_wrappedjsobject":false,"compatopts_for_requires":true,"noframes":null,"override":{"merge_connects":true,"merge_excludes":true,"merge_includes":true,"merge_matches":true,"orig_connects":[],"orig_excludes":[],"orig_includes":[],"orig_matches":["*://*/*"],"orig_noframes":null,"orig_run_at":"document-body","use_blockers":[],"use_connects":[],"use_excludes":[],"use_includes":[],"use_matches":[]},"run_at":null,"sandbox":null,"tab_types":null,"unwrap":null},"settings":{"enabled":false,"position":11},"meta":{"name":"手机浏览器触摸手势","uuid":"af89ce75-e45b-4f42-b2ae-0e610abfe5f3","modified":1677286341724,"file_url":"https://greasyfork.org/scripts/375806-%E6%89%8B%E6%9C%BA%E6%B5%8F%E8%A7%88%E5%99%A8%E8%A7%A6%E6%91%B8%E6%89%8B%E5%8A%BF/code/%E6%89%8B%E6%9C%BA%E6%B5%8F%E8%A7%88%E5%99%A8%E8%A7%A6%E6%91%B8%E6%89%8B%E5%8A%BF.user.js"}}