{"ts":1677903716866,"data":{"fullscreen":"n1677838144300","gesture":"o{\"↑→↓←\": \"打开设置\",\"◆◆\": \"视频全屏\",\"●\": \"手势穿透\"}","isLock":"o[1,1673957298907]","isShow":"n1677903716866","pathFn":"o{\"打开设置\": \"/*ONLY TOP*/openSet();\",\"视频全屏\": \"videoFullScreen();\",\"手势穿透\": \"setTimeout(()=>{if(/^[TIV]/.test(path)){path=(path.indexOf(\\\"I\\\")>-1) ? \\\"I\\\" : \\\"\\\";return;}if(gestureData.touchEle.nodeName!==\\\"IMG\\\"){let imgs=gestureData.touchEle.parentNode.getElementsByTagName(\\\"img\\\");for(let Ti=0,len=imgs.length;Ti<len;++Ti){let imgRect=imgs[Ti].getBoundingClientRect();if(gestureData.touchStart.clientX>imgRect.x && gestureData.touchStart.clientX<(imgRect.x+imgRect.width) && gestureData.touchStart.clientY>imgRect.y && gestureData.touchStart.clientY<(imgRect.y+imgRect.height)){gestureData.touchEle=imgs[Ti];break;}}}if(gestureData.touchEle.nodeName===\\\"IMG\\\" && settings[\\\"图片手势\\\"]){path=\\\"I\\\";}else if(gestureData.touchEle.style.backgroundImage && settings[\\\"图片手势\\\"]){gestureData.touchEle.src=gestureData.touchEle.style.backgroundImage.split('\\\"')[1];path=\\\"I\\\";}});\"}"}}