{"options":{"check_for_updates":true,"comment":"","compat_foreach":false,"compat_metadata":false,"compat_powerful_this":null,"compat_wrappedjsobject":false,"compatopts_for_requires":true,"noframes":null,"override":{"merge_connects":true,"merge_excludes":true,"merge_includes":true,"merge_matches":true,"orig_connects":[],"orig_excludes":["https://accounts.google.com/*","https://accounts.google.com.hk/*"],"orig_includes":[],"orig_matches":["*://*/*"],"orig_noframes":null,"orig_run_at":"document-end","use_blockers":[],"use_connects":[],"use_excludes":[],"use_includes":["https://*.baidu.com/*"],"use_matches":["https://m.ithome.com/*"]},"run_at":null,"sandbox":null,"tab_types":null,"unwrap":null},"settings":{"enabled":false,"position":7},"meta":{"name":"新标签页打开链接","uuid":"162aded0-48f9-4043-809a-d6ed4bd30020","modified":1665581489259,"file_url":"https://greasyfork.org/scripts/429714-%E6%96%B0%E6%A0%87%E7%AD%BE%E9%A1%B5%E6%89%93%E5%BC%80%E9%93%BE%E6%8E%A5/code/%E6%96%B0%E6%A0%87%E7%AD%BE%E9%A1%B5%E6%89%93%E5%BC%80%E9%93%BE%E6%8E%A5.user.js"}}