{"options":{"check_for_updates":true,"comment":null,"compat_foreach":false,"compat_metadata":false,"compat_powerful_this":null,"compat_wrappedjsobject":false,"compatopts_for_requires":true,"noframes":null,"override":{"merge_connects":true,"merge_excludes":true,"merge_includes":true,"merge_matches":true,"orig_connects":[],"orig_excludes":["/\\.(js|java|c|cpp|h|py|css|less|scss|json|yaml|yml|xml)$/"],"orig_includes":[],"orig_matches":["*://*/*"],"orig_noframes":null,"orig_run_at":"document-idle","use_blockers":[],"use_connects":[],"use_excludes":[],"use_includes":[],"use_matches":[]},"run_at":null,"sandbox":null,"tab_types":null,"unwrap":null},"settings":{"enabled":false,"position":22},"meta":{"name":"空格之神","uuid":"12e4cd69-58bc-4b04-819d-17a88bce04bb","modified":1677869749124,"file_url":"https://greasyfork.org/scripts/444252-%E7%A9%BA%E6%A0%BC%E4%B9%8B%E7%A5%9E/code/%E7%A9%BA%E6%A0%BC%E4%B9%8B%E7%A5%9E.user.js"}}