{"ts":1677933624038,"data":{"tg_setting":"s{\"global\":{\"gSwitchState\":true,\"gSwitchProgress\":true,\"gSwitchBrightness\":true,\"gSwitchVolume\":true,\"gSwitchSpeedX4\":false,\"gSwitchSpeedX4Sigle\":false,\"gSwitchSpeed\":false,\"gSelectToastPos\":\"middle \"},\"website\":{\"m.youtube.com\":{\"wSwitchEnable\":true,\"wSwitchState\":true,\"wSwitchProgress\":true,\"wSwitchBrightness\":true,\"wSwitchVolume\":true,\"wSwitchSpeedX4\":false,\"wSwitchSpeedX4Sigle\":false,\"wSwitchSpeed\":false,\"wSwitchForbidScrollNFS\":false}}}"}}