{"options":{"check_for_updates":true,"comment":null,"compat_foreach":false,"compat_metadata":false,"compat_powerful_this":null,"compat_wrappedjsobject":false,"compatopts_for_requires":true,"noframes":null,"override":{"merge_connects":true,"merge_excludes":true,"merge_includes":true,"merge_matches":true,"orig_connects":[],"orig_excludes":[],"orig_includes":[],"orig_matches":["*://tieba.baidu.com/*","*://m.tieba.com/*","*://jump2.bdimg.com/*","*://tiebac.baidu.com/*","*://c.tieba.baidu.com/*","*://byokpg.smartapps.cn/*"],"orig_noframes":null,"orig_run_at":"document-idle","use_blockers":[],"use_connects":[],"use_excludes":[],"use_includes":[],"use_matches":[]},"run_at":null,"sandbox":null,"tab_types":null,"unwrap":null},"settings":{"enabled":false,"position":6},"meta":{"name":"贴吧丸","uuid":"66ca360e-33ed-4019-bfca-12cf75aae260","modified":1664267614996,"file_url":"https://greasyfork.org/scripts/431588-%E8%B4%B4%E5%90%A7%E4%B8%B8/code/%E8%B4%B4%E5%90%A7%E4%B8%B8.user.js"}}