{"options":{"check_for_updates":true,"comment":null,"compatopts_for_requires":true,"compat_wrappedjsobject":false,"compat_metadata":false,"compat_foreach":false,"compat_powerful_this":null,"sandbox":"DOM","noframes":null,"unwrap":null,"run_at":null,"tab_types":null,"override":{"use_includes":[],"orig_includes":[],"merge_includes":true,"use_matches":[],"orig_matches":["*://*.youtube.com/*"],"merge_matches":true,"use_excludes":[],"orig_excludes":[],"merge_excludes":true,"use_connects":[],"orig_connects":[],"merge_connects":true,"use_blockers":[],"orig_run_at":"document-start","orig_noframes":null}},"settings":{"enabled":true,"position":6},"meta":{"name":"ACT.YouTube.DM.PiP-button","uuid":"2a09015f-0eb2-4d39-8b13-b54f2d4ebcc3","modified":1689657480573,"file_url":"https://greasyfork.org/scripts/441866-act-youtube-dm-pip-button/code/ACTYouTubeDMPiP-button.user.js"}}