{"options":{"check_for_updates":true,"comment":null,"compatopts_for_requires":true,"compat_wrappedjsobject":false,"compat_metadata":false,"compat_foreach":false,"compat_powerful_this":null,"sandbox":null,"noframes":null,"unwrap":null,"run_at":null,"tab_types":null,"override":{"use_includes":[],"orig_includes":["http*://greasyfork.org/*","http*://sleazyfork.org/*"],"merge_includes":true,"use_matches":[],"orig_matches":["http*://greasyfork.org/*","http*://sleazyfork.org/*"],"merge_matches":true,"use_excludes":[],"orig_excludes":[],"merge_excludes":true,"use_connects":[],"orig_connects":[],"merge_connects":true,"use_blockers":[],"orig_run_at":"document-idle","orig_noframes":null}},"settings":{"enabled":true,"position":8},"meta":{"name":"Greasyfork 快捷编辑收藏","uuid":"ecea6bab-1ea9-4d92-a4b7-30eb8dd1fccb","modified":1689657689027,"file_url":"https://greasyfork.org/scripts/439699-greasyfork-%E5%BF%AB%E6%8D%B7%E7%BC%96%E8%BE%91%E6%94%B6%E8%97%8F/code/Greasyfork%20%E5%BF%AB%E6%8D%B7%E7%BC%96%E8%BE%91%E6%94%B6%E8%97%8F.user.js"}}