{"ts":1689657735532,"data":{"LOCAL-CDN":"o{\"version\": \"0.3\"}","script-sets":"o{\"sets\": [{\"name\": \"收藏\",\"link\": \"https://greasyfork.org/zh-CN/scripts?set=547869\",\"linkedit\": \"https://greasyfork.org/zh-CN/users/873376-canfga/sets/547869/edit\"},{\"name\": \"B: Y\",\"link\": \"https://greasyfork.org/zh-CN/scripts?set=584069\",\"linkedit\": \"https://greasyfork.org/zh-CN/users/873376-canfga/sets/584069/edit\"},{\"name\": \"L: 酪\",\"link\": \"https://greasyfork.org/zh-CN/scripts?set=584395\",\"linkedit\": \"https://greasyfork.org/zh-CN/users/873376-canfga/sets/584395/edit\"}],\"time\": 1689657730261,\"version\": \"0.1\"}"}}