{"options":{"check_for_updates":true,"comment":null,"compat_foreach":false,"compat_metadata":false,"compat_powerful_this":null,"compat_wrappedjsobject":false,"compatopts_for_requires":true,"noframes":null,"override":{"merge_connects":true,"merge_excludes":true,"merge_includes":true,"merge_matches":true,"orig_connects":[],"orig_excludes":[],"orig_includes":[],"orig_matches":["https://www.youtube.com/*","https://www.youtube-nocookie.com/*","https://m.youtube.com/*","https://music.youtube.com/*"],"orig_noframes":null,"orig_run_at":"document-start","use_blockers":[],"use_connects":[],"use_excludes":[],"use_includes":[],"use_matches":[]},"run_at":null,"sandbox":null,"tab_types":null,"unwrap":null},"settings":{"enabled":true,"position":1},"meta":{"name":"Simple YouTube Age Restriction Bypass","uuid":"ad1880e2-c5f6-4458-a0d0-7c463f8a07ef","modified":1689603091815,"file_url":"https://greasyfork.org/scripts/423851-simple-youtube-age-restriction-bypass/code/Simple%20YouTube%20Age%20Restriction%20Bypass.user.js"}}