{"options":{"check_for_updates":true,"comment":null,"compat_foreach":false,"compat_metadata":false,"compat_powerful_this":null,"compat_wrappedjsobject":false,"compatopts_for_requires":true,"noframes":null,"override":{"merge_connects":true,"merge_excludes":true,"merge_includes":true,"merge_matches":true,"orig_connects":[],"orig_excludes":[],"orig_includes":[],"orig_matches":["*://*.youtube.com/*","*://*.vimeo.com/*"],"orig_noframes":null,"orig_run_at":"document-start","use_blockers":[],"use_connects":[],"use_excludes":[],"use_includes":[],"use_matches":[]},"run_at":null,"sandbox":null,"tab_types":null,"unwrap":null},"settings":{"enabled":false,"position":3},"meta":{"name":"Video Background Play Fix","uuid":"681247eb-3415-436a-9ddb-97ded3dae818","modified":1689603143700,"file_url":"https://greasyfork.org/scripts/371641-video-background-play-fix/code/Video%20Background%20Play%20Fix.user.js"}}