{"options":{"check_for_updates":true,"comment":null,"compatopts_for_requires":true,"compat_wrappedjsobject":false,"compat_metadata":false,"compat_foreach":false,"compat_powerful_this":null,"sandbox":null,"noframes":null,"unwrap":null,"run_at":null,"tab_types":null,"override":{"use_includes":[],"orig_includes":[],"merge_includes":true,"use_matches":[],"orig_matches":["*://*.youtube.com/*","*://*.youtube-nocookie.com/*"],"merge_matches":true,"use_excludes":[],"orig_excludes":[],"merge_excludes":true,"use_connects":[],"orig_connects":[],"merge_connects":true,"use_blockers":[],"orig_run_at":"document-end","orig_noframes":null}},"settings":{"enabled":true,"position":7},"meta":{"name":"YouTube Background Playback - Kiwi Browser","uuid":"68f1bb1e-f8f1-4ad8-8e0a-74a73805e110","modified":1689657574476,"file_url":"https://greasyfork.org/scripts/437123-youtube-background-playback-kiwi-browser/code/YouTube%20Background%20Playback%20-%20Kiwi%20Browser.user.js"}}