{"options":{"check_for_updates":true,"comment":null,"compat_foreach":false,"compat_metadata":false,"compat_powerful_this":null,"compat_wrappedjsobject":false,"compatopts_for_requires":true,"noframes":null,"override":{"merge_connects":true,"merge_excludes":true,"merge_includes":true,"merge_matches":true,"orig_connects":[],"orig_excludes":[],"orig_includes":[],"orig_matches":["https://*/*","http://*/*","ftp://*/*"],"orig_noframes":null,"orig_run_at":"document-idle","use_blockers":[],"use_connects":[],"use_excludes":[],"use_includes":[],"use_matches":[]},"run_at":null,"sandbox":null,"tab_types":null,"unwrap":null},"settings":{"enabled":true,"position":2},"meta":{"name":"触摸屏视频优化","uuid":"56f7506a-698f-487d-a5e1-eafaebf6bb8b","modified":1689603133869,"file_url":"https://greasyfork.org/scripts/405897-%E8%A7%A6%E6%91%B8%E5%B1%8F%E8%A7%86%E9%A2%91%E4%BC%98%E5%8C%96/code/%E8%A7%A6%E6%91%B8%E5%B1%8F%E8%A7%86%E9%A2%91%E4%BC%98%E5%8C%96.user.js"}}