{"options":{"check_for_updates":true,"comment":null,"compat_foreach":false,"compat_metadata":false,"compat_powerful_this":null,"compat_wrappedjsobject":false,"compatopts_for_requires":true,"noframes":null,"override":{"merge_connects":true,"merge_excludes":true,"merge_includes":true,"merge_matches":true,"orig_connects":[],"orig_excludes":[],"orig_includes":["http*://greasyfork.org/*","http*://sleazyfork.org/*"],"orig_matches":["http*://greasyfork.org/*","http*://sleazyfork.org/*"],"orig_noframes":null,"orig_run_at":"document-idle","use_blockers":[],"use_connects":[],"use_excludes":[],"use_includes":[],"use_matches":[]},"run_at":null,"sandbox":null,"tab_types":null,"unwrap":null},"settings":{"enabled":true,"position":11},"meta":{"name":"Greasyfork 快捷编辑收藏","uuid":"e73054a2-ba02-4d48-9eaa-f6f8f118d997","modified":1688238543097,"file_url":"https://greasyfork.org/scripts/439699-greasyfork-%E5%BF%AB%E6%8D%B7%E7%BC%96%E8%BE%91%E6%94%B6%E8%97%8F/code/Greasyfork%20%E5%BF%AB%E6%8D%B7%E7%BC%96%E8%BE%91%E6%94%B6%E8%97%8F.user.js"}}