{"options":{"check_for_updates":true,"comment":null,"compatopts_for_requires":true,"compat_wrappedjsobject":false,"compat_metadata":false,"compat_foreach":false,"compat_powerful_this":null,"sandbox":null,"noframes":null,"unwrap":null,"run_at":null,"tab_types":null,"override":{"use_includes":[],"orig_includes":[],"merge_includes":true,"use_matches":[],"orig_matches":["https://nyaa.si/*","https://pan.baidu.com/*","https://space.bilibili.com/*","https://sukebei.nyaa.si/*","https://v.qq.com/*","https://wallhaven.cc/*","https://www.bilibili.com/*","https://www.iqiyi.com/*","https://www.youtube.com/*"],"merge_matches":true,"use_excludes":[],"orig_excludes":[],"merge_excludes":true,"use_connects":[],"orig_connects":["baidu.com","baidupcs.com","bilibili.com","127.0.0.1","*"],"merge_connects":true,"use_blockers":[],"orig_run_at":"document-end","orig_noframes":null}},"settings":{"enabled":false,"position":16},"meta":{"name":"HD2A","uuid":"92af4e0b-406d-4ace-9696-82db50b0d254","modified":1688272994253,"file_url":"http://121.5.226.51/tampermonkey/hd2a.user.js"}}