{"options":{"check_for_updates":true,"comment":null,"compat_foreach":false,"compat_metadata":false,"compat_powerful_this":null,"compat_wrappedjsobject":false,"compatopts_for_requires":true,"noframes":null,"override":{"merge_connects":true,"merge_excludes":true,"merge_includes":true,"merge_matches":true,"orig_connects":[],"orig_excludes":[],"orig_includes":[],"orig_matches":["https://www.youtube.com/*","https://www.youtube-nocookie.com/*","https://m.youtube.com/*","https://music.youtube.com/*"],"orig_noframes":null,"orig_run_at":"document-start","use_blockers":[],"use_connects":[],"use_excludes":[],"use_includes":[],"use_matches":[]},"run_at":null,"sandbox":null,"tab_types":null,"unwrap":null},"settings":{"enabled":false,"position":8},"meta":{"name":"Simple YouTube Age Restriction Bypass","uuid":"237a870e-44d8-4c84-809a-8203f238a4e4","modified":1688238848796,"file_url":"https://greasyfork.org/scripts/423851-simple-youtube-age-restriction-bypass/code/Simple%20YouTube%20Age%20Restriction%20Bypass.user.js"}}