{"options":{"check_for_updates":true,"comment":null,"compatopts_for_requires":true,"compat_wrappedjsobject":false,"compat_metadata":false,"compat_foreach":false,"compat_powerful_this":null,"sandbox":null,"noframes":null,"unwrap":null,"run_at":null,"tab_types":null,"override":{"use_includes":[],"orig_includes":["*"],"merge_includes":true,"use_matches":[],"orig_matches":[],"merge_matches":true,"use_excludes":[],"orig_excludes":["*pan.baidu.com/*","*renren.com/*","*exhentai.org/*","*music.google.com/*","*play.google.com/music/*","*mail.google.com/*","*docs.google.com/*","*www.google.*","*acid3.acidtests.org/*","*.163.com/*","*.alipay.com/*"],"merge_excludes":true,"use_connects":[],"orig_connects":[],"merge_connects":true,"use_blockers":[],"orig_run_at":"document-end","orig_noframes":null}},"settings":{"enabled":true,"position":14},"meta":{"name":"Text To link","uuid":"b747b79c-333e-4dcb-b6ed-e7b6482db540","modified":1688272956893,"file_url":"https://greasyfork.org/scripts/342-text-to-link/code/Text%20To%20link.user.js"}}