{"options":{"check_for_updates":true,"comment":null,"compatopts_for_requires":true,"compat_wrappedjsobject":false,"compat_metadata":false,"compat_foreach":false,"compat_powerful_this":null,"sandbox":null,"noframes":null,"unwrap":null,"run_at":null,"tab_types":null,"override":{"use_includes":[],"orig_includes":["*www.douyu.com/*","*www.huya.com/*"],"merge_includes":true,"use_matches":[],"orig_matches":[],"merge_matches":true,"use_excludes":[],"orig_excludes":[],"merge_excludes":true,"use_connects":[],"orig_connects":[],"merge_connects":true,"use_blockers":[],"orig_run_at":"document-idle","orig_noframes":null}},"settings":{"enabled":true,"position":15},"meta":{"name":"免登陆看高清斗鱼和虎牙直播","uuid":"67a057b7-586c-4747-88f9-f269df2ef313","modified":1688273075934,"file_url":"https://greasyfork.org/scripts/424111-%E5%85%8D%E7%99%BB%E9%99%86%E7%9C%8B%E9%AB%98%E6%B8%85%E6%96%97%E9%B1%BC%E5%92%8C%E8%99%8E%E7%89%99%E7%9B%B4%E6%92%AD/code/%E5%85%8D%E7%99%BB%E9%99%86%E7%9C%8B%E9%AB%98%E6%B8%85%E6%96%97%E9%B1%BC%E5%92%8C%E8%99%8E%E7%89%99%E7%9B%B4%E6%92%AD.user.js"}}