{"options":{"check_for_updates":true,"comment":null,"compat_foreach":false,"compat_metadata":false,"compat_powerful_this":null,"compat_wrappedjsobject":false,"compatopts_for_requires":true,"noframes":null,"override":{"merge_connects":true,"merge_excludes":true,"merge_includes":true,"merge_matches":true,"orig_connects":[],"orig_excludes":[],"orig_includes":[],"orig_matches":["https://m.baidu.com/*","https://www.baidu.com/*"],"orig_noframes":null,"orig_run_at":"document-start","use_blockers":[],"use_connects":[],"use_excludes":[],"use_includes":[],"use_matches":[]},"run_at":null,"sandbox":null,"tab_types":null,"unwrap":null},"settings":{"enabled":true,"position":12},"meta":{"name":"手机百度搜索净化","uuid":"32e2b1ef-8f92-48bd-8fac-bfd9dc39f09a","modified":1688238241151,"file_url":"https://greasyfork.org/scripts/467204-%E6%89%8B%E6%9C%BA%E7%99%BE%E5%BA%A6%E6%90%9C%E7%B4%A2%E5%87%80%E5%8C%96/code/%E6%89%8B%E6%9C%BA%E7%99%BE%E5%BA%A6%E6%90%9C%E7%B4%A2%E5%87%80%E5%8C%96.user.js"}}